{"users":[{"id":"604b815be78efe1437da99aa","fName":"Albert","lName":"Iancu","CreatedDate":"30-01-20","username":"admin"},{"fName":"a","lName":"a","username":"aaa","CreatedDate":"16/4/2021","SessionTimeOut":"1","id":"6079c2c739a1a01ba46e469d"},{"fName":"b","lName":"b","username":"bbb","CreatedDate":"16/4/2021","SessionTimeOut":"1","id":"6079c37939a1a01ba46e469e"},{"fName":"bbb","lName":"ss","username":"ddd","SessionTimeOut":2,"CreatedDate":"18/4/2021","id":"607c5d85a874663bc08a0d9e"},{"fName":"a","lName":"b","username":"ccc","CreatedDate":"18/4/2021","SessionTimeOut":"1","id":"607c5f1ba874663bc08a0d9f"}]}
